title,abstract,year,authors,venue,doi,score
The Effect of NbC Precipitates on Hydrogen Embrittlement of Dual-Phase Steels,"New grades of dual-phase (DP) steels with ultimate tensile strength (UTS) up to 1500 MPa have been developed using a continuous annealing process. This study investigates the effects of over-aging temperature and NbC precipitates on the microstructure and hydrogen embrittlement of these DP steels. Increasing the over-aging temperature promotes carbide coarsening, which reduces tensile strength, but simultaneously stabilizes retained austenite by inhibiting martensite transformation and enhances ductility through the TRIP effect. Compared to the reference DP steel, the Nb-added DP steel exhibits further strength enhancement due to fine-grain strengthening and precipitation strengthening. Results from slow strain rate tensile (SSRT) and thermal desorption spectroscopy (TDS) tests demonstrate that the Nb-added DP steel possesses superior resistance to hydrogen embrittlement. This improvement is primarily attributed to the hydrogen trapping effect of NbC precipitates, complemented by their grain refinement capability.",2025,"['Wei Li', 'Kejia Qiang', 'Boyu Cao', 'Yu Tang', 'Fengcang Ma', 'Wei Li', 'Ke Zhang']",Metals,10.3390/met15121342,4
Hydrogen Embrittlement of a Manganese–aluminum High-strength Bainitic Steel for Railway Crossings,"The hydrogen embrittlement characteristics of a Mn–Al bainitic steel for railway crossings were studied by means of the slow strain rate test (SSRT), the delayed fracture test and X-ray diffraction (XRD) analysis. The binding energies and hydrogen diffusion barriers of an iron unit cell were tested separately with Al, Si and H, and were evaluated by the first principle calculation. The results showed that the hydrogen embrittlement decreased greatly with increased Al content. Microstructure examinations indicated that the content of retained austenite increased with increased Al content, which was as irreversible hydrogen traps and was not sensitive to hydrogen embrittlement. It is found that the characteristics of hydrogen embrittlement identified by SSRT and the delayed fracture test were different. From the first principle calculation, the binding energy of the iron lattice containing aluminum decreased less as compared to those of the cell containing silicon, but the diffusion barriers increased significantly.",2011,"['C. Zheng', 'B. Lv', 'Cheng Chen', 'Zhigang Yan', 'Fucheng Zhang', 'L. Qian']",,10.2355/ISIJINTERNATIONAL.51.1749,4
Effects of cryogenic and tempered treatment on the hydrogen embrittlement susceptibility of TRIP-780 steels,,2013,"['Xu Zhu', 'W. Li', 'Hong-Min Zhao', 'Xuejun Jin']",,10.1016/J.IJHYDENE.2013.05.113,1
Hydrogen trapping sites and hydrogen-induced cracking in high strength quenching & partitioning (Q&P) treated steel,,2014,"['Xu Zhu', 'W. Li', 'Hong-Min Zhao', 'Li Wang', 'Xuejun Jin']",,10.1016/J.IJHYDENE.2014.06.079,1
Mechanical Behaviors of Microalloyed TRIP-Assisted Annealed Martensitic Steels under Hydrogen Charging,"Transformation Induced Plasticity (TRIP)-assisted annealed martensitic (TAM) steel sheets with various microalloying additions such as niobium, vanadium, or titanium were prepared on laboratory scale and subjected to a double-quenching and austempering heat treatment cycle. Slow strain rate tensile (SSRT) was tested on the investigated TAM steels with and without hydrogen charging to reveal their tensile behaviors and hydrogen induced embrittlement effects. Microstructure observations by scanning electron microscope (SEM) are composed of a principal annealed martensitic matrix and 11.0–13.0% volume fraction of retained austenite, depending on the type of microalloying addition in the different steels. SSRT results show that these TRIP-assisted annealed martensitic steels under air media conditions combine high tensile strength (>1000 MPa) and good ductility (~25%), while under hydrogen charging condition, both tensile strength and ductility decrease where tensile strength ranges between 680 and 760 MPa, down from 1000–1100 MPa, and ductility loss ratio is between 78.8% and 91.1%, along with a total elongation of less than 5%. Hydrogen charged into steel matrix leads to the appearance of cleavage fractures, implying the occurrence of hydrogen induced embrittlement effect in TAM steels. Thermal hydrogen desorption results show that there are double-peak hydrogen desorption temperature ranges for these microalloyed steels, where the first peak corresponds to a high-density dislocation trapping effect, and the second peak corresponds to a hydrogen trapping effect exerted by microalloying precipitates. Thermal desorption analysis (TDS) in combination with SSRT results demonstrate that microalloying precipitates act as irreversible traps to fix hydrogen and, thus, retard diffusive hydrogen motion towards defects, such as grain boundaries and dislocations in microstructure matrix, and eventually reduce the hydrogen induced embrittlement tendency.",2021,"['Xiong-fei Yang', 'Hao Yu', 'Chenghao Song', 'Lili Li']",Materials,10.3390/ma14247752,4
"Enhancing the resistance to hydrogen embrittlement in bainitic steel via grain refinement, dislocation density reduction, and retained austenite stability improvement",,2025,"['Zhuanqin Liang', 'Hongguang Li', 'Qingchao Wang', 'Xiaowen Sun', 'Xinliang Gao', 'Sujuan Yuan', 'Zhinan Yang', 'Fucheng Zhang']",Journal of Materials Science &amp; Technology,10.1016/j.jmst.2025.04.070,2
Impact of intercritical annealing temperatures on the stability of retained austenite and hydrogen embrittlement resistance of 34MnB5Nb press-hardened steel,,2025,"['Saeed Jamal', 'Yangwei Wang', 'Jian Wang', 'Lintao Gui', 'M. Baig', 'Tahir Mehmood Bhatti', 'Fatima Shehzadi', 'Hongzhou Lu', 'Yan Zhao']",International journal of hydrogen energy,10.1016/j.ijhydene.2025.04.466,2
The role of retained austenite against hydrogen embrittlement and white etching area formation in bearing steel under dynamic loading,,2024,"['Ashutosh Panda', 'Linto Davis', 'P. Ramkumar', 'M. Amirthalingam']",International journal of hydrogen energy,10.1016/j.ijhydene.2024.01.155,2
Hydrogen Embrittlement Properties of Rapid Tempered High-Si Steel and Effects of the Carbide and Retained Austenite on Its Properties,,2024,"['Manami Sunako', 'Masataka Mizumoto', 'Azusa Ooi', 'Eiji Tada']",Tetsu to hagane,10.2355/tetsutohagane.tetsu-2024-036,2
Effects of temperature and pre-strain on hydrogen embrittlement of retained austenite-containing high-Ni steel and austenitic stainless steels,,2026,"['Makoto Kawamori', 'Kosuke Shibata', 'Ryuko Ishizuka', 'R. Yoda', 'Kosuke Umehara', 'Takanori Ito', 'Reina Kawakami', 'H. Nako', 'Yasuhito Takashima']",International journal of hydrogen energy,10.1016/j.ijhydene.2026.154219,2
Improving hydrogen embrittlement resistance of a modified press hardening steel by introducing retained austenite as hydrogen trap,,2022,"['W. Ding', 'Kairong Yang', 'Yue Gong', 'Li Wang', 'Ji-yao Hong', 'Wei Li', 'Xue-jun Jin']",Journal of Iron and Steel Research International,10.1007/s42243-021-00738-4,2
Enhanced Hydrogen Embrittlement Resistance of Medium Mn Steel by Tailoring Retained Austenite Morphology,,2022,"['H. Pan', 'W. Yu', 'C. Wei', 'Jin-Shi Zhang', 'Jun Li', 'Gang Wei', 'Xinyu Li', 'B. Qiao', 'Lin Liu', 'Z. Cai', 'Zhiqiang Wu']",Journal of materials engineering and performance (Print),10.1007/s11665-022-07118-3,3
Effects of Retained Austenite on Hydrogen Embrittlement in TRIP-aided Bainitic Ferrite Steel Sheet,"In order to suppress global warming, it is necessary to reduce the weight of autobodies, whereas improvement of the collision safety of automobiles is required which results in a weight increase. Research and development of high-strength steel sheets for autobodies are being carried out to achieve both two objectives. Among various high-strength steel sheets, low alloy steels utilizing transformation-induced plasticity of retained austenite (TRIP-aided steels) have attracted attention as body frame and automotive parts materials because of their high strength and ductility. However, there is concern about hydrogen embrittlement in low alloy TRIP-aided steels with a tensile strength exceeding 1 000 MPa, as in conventional high-strength steels. In this study, in order to reveal the role of retained austenite for hydrogen embrittlement on TRIP-aided bainitic ferrite steel (TBF steel), (i) several TBF steel sheets with different volume fraction and carbon concentration of retained austenite were prepared by austempering the original sheet for different durations, and (ii) slow strain rate technique tensile tests were carried out on hydrogen-charged and uncharged test pieces of the sheets together with microstructure observations and X-ray diffractions. It was revealed that hydrogen embrittlement of TBF steel sheet became suppressed with increasing austempering time, which was attributable to the increase of surface area of lath and/or filmy metastable retained austenite acting as a trapping site for hydrogen. α a γ × 10 −10 (200) , and diffraction Cu-K",2021,"['J. Kobayashi', 'Ryosuke Sakata', 'Naoya Kakefuda', 'G. Itoh', 'Tomohiko Hojo']",ISIJ International,10.2355/ISIJINTERNATIONAL.ISIJINT-2020-548,3
Improving Hydrogen Embrittlement Resistance of Hot-Stamped 1500 MPa Steel Parts That Have Undergone a Q&P Treatment by the Design of Retained Austenite and Martensite Matrix,"Hydrogen embrittlement is one of the largest obstacles against the commercialisation of ultra-high strength quenching and partitioning (Q&P) steels with ultimate tensile strength over 1500 MPa, including the hot stamped steel parts that have undergone a Q&P treatment. In this work, the influence of partitioning temperature on hydrogen embrittlement of ultra-high strength Q&P steels is studied by pre-charged tensile tests with both dog-bone and notched samples. It is found that hydrogen embrittlement resistance is enhanced by the higher partitioning temperature. Then, the hydrogen embrittlement mechanism is analysed in terms of hydrogen, retained austenite, and martensite matrix. Thermal desorption analysis (TDA) shows that the hydrogen trapping properties are similar in the Q&P steels, which cannot explain the enhancement of hydrogen embrittlement resistance. On the contrary, it is found that the relatively low retained austenite stability after the higher temperature partitioning ensures more sufficient TRIP effect before hydrogen-induced fracture. Additionally, dislocation recovery and solute carbon depletion at the higher partitioning temperature can reduce the flow stress of the martensite matrix, improving its intrinsic toughness and reducing its hydrogen sensitivity, both of which result in the higher hydrogen embrittlement resistance.",2020,"['Zhou Wang', 'Mingxin Huang']",Metals,10.3390/met10121585,4
Hydrogen Embrittlement and Local Characterization at Crack Initiation Associated with Phase Transformation of High-strength Steel Containing Retained Austenite,"States of hydrogen present in high-strength steels for use as bearing steel SUJ2 and hydrogen embrittlement susceptibility were examined using thermal desorption analysis (TDA) and tensile tests. SUJ2 specimens containing the retained austenite phase (γR) in the martensitic phase exhibited three hydrogen desorption peaks in the TDA profile. Two of the peaks desorbed at higher temperatures decreased with a decreasing amount of γR, indicating they corresponded to desorption associated with γR. Fracture strength in the presence of hydrogen increased with a decreasing amount of γR and with an increasing strain rate. For the specimens containing γR and hydrogen, a flat facet at the crack initiation site and a quasi-cleavage (QC) fracture in the initial crack propagation area were observed on the fracture surface. Local characterization using electron back-scattered diffraction (EBSD) revealed that the flat facet on the fracture surface corresponded not to γR but to strain-induced martensite. In addition, the facet was on the {112} plane of martensite, which is the slip plane or deformation twin plane of body-centered-cubic metals. The reason for high hydrogen embrittlement susceptibility of the specimens containing γR was attributed to the straininduced phase transformation at the crack initiation site of the flat facet and in the initial crack propagation area of the QC fracture. Furthermore, the strain rate dependency of hydrogen embrittlement susceptibility is presumably ascribable to local plastic deformation, i.e., the interaction between dislocations and hydrogen.",2018,"['T. Nagase', 'Takuya Ito', 'Y. Nishimura', 'H. Suzuki', 'K. Takai']",,10.2355/TETSUTOHAGANE.TETSU-2016-011,3
Effect of retained austenite on the hydrogen embrittlement of a medium carbon quenching and partitioning steel with refined microstructure,,2016,"['Jilan Yang', 'F. Huang', 'Zhenghong Guo', 'Y. Rong', 'N. Chen']",,10.1016/J.MSEA.2016.04.025,2
Hydrogen embrittlement behaviors during SSRT tests in gaseous hydrogen for cold- worked type 316 austenitic stainless steel and iron-based superalloy A286 used in hydrogen refueling station,,2024,['Akihiko Fukunaga'],Engineering Failure Analysis,10.1016/j.engfailanal.2024.108158,2
Effect of microstructure on hydrogen trapping behavior and hydrogen embrittlement sensitivity of medium manganese steel,"Purpose
The purpose of this paper is to investigate the effect of microstructure on the hydrogen trapping behavior and hydrogen embrittlement sensitivity of medium manganese steels.

Design/methodology/approach
In this paper, the effect of microstructure on the hydrogen trapping and hydrogen embrittlement sensitivity of medium manganese steels has been investigated using a combination of microstructure observation, electrochemical hydrogen penetration experiments, thermal desorption spectroscopy (TDS) analysis and slow strain rate tensile experiments.

Findings
TDS and microstructure analyses reveal that in samples annealed at 640°C and 660°C, the primary hydrogen traps are dislocations, grain boundaries and carbides. The retained austenite (RA) hydrogen trap begins to appear after annealing at 680°C. At the critical annealing temperature of 700°C, the carbides have completely dissolved, resulting in almost no hydrogen trapping related to carbides. Moreover, samples annealed at higher temperatures exhibit a greater sensitivity to hydrogen embrittlement, which can be attributed partly to the irreversible hydrogen trapping caused by the dissolution of carbides and partly to the formation of strain martensite during deformation of the excessive RA.

Originality/value
RA content is closely related to hydrogen capture and hydrogen embrittlement susceptibility in medium manganese steels.
",2025,"['Zixuan Yang', 'Xiaoting Zhang', 'S. Yu', 'Weiguo Li']",Anti-Corrosion Methods and Materials,10.1108/acmm-10-2024-3118,3
Recent Progress in Hydrogen Embrittlement of Welded Joints of High‐Strength Low‐Alloy Steel: Focusing on Microstructure,"Hydrogen embrittlement (HE) occurs as a result of hydrogen atom ingress and causes a significant decrease in plasticity and strength, making it a crucial failure mode in high‐strength low‐alloy steels. The microstructure plays a vital role in HE fracture behavior because of the various hydrogen trappings. The welding thermal cycle and alloying elements determine the great difference of the microstructure of the welded joint. Thus, this article reviews the current studies investigating the role of the microstructure in determining the HE behavior of the welded joints, thereby aiming to reveal the fracture process and mechanism. Dislocations and inclusions in welded joints reduce HE resistance. Acicular ferrite with a fine interlocking structure can block the prolonging of hydrogen‐induced cracking. The transformation of the retained austenite with a high concentration of hydrogen atoms into martensite accelerates HE fractures. The δ‐ferrite in the welded joint promotes the HE resistance deterioration and hydrogen‐induced cracking. Appropriate coating of the steel surface is an effective approach for preventing HE fractures.",2025,"['Ye Tang', 'Zhenguang Liu', 'Xiuhua Gao', 'X. Xi', 'Jinliang Wang', 'Z. Liu']",Steel Research International,10.1002/srin.202500431,2
Mitigating hydrogen embrittlement via film-like retained austenite in 2 GPa direct-quenched and partitioned martensitic steels,,2024,"['S. Pallaspuro', 'Eric Fangnon', 'S. A. Aravindh', 'L. Claeys', 'R. Latypova', 'Yuriy Yagodzinsky', 'Niko Aho', 'P. Kantanen', 'Sampo Uusikallio', 'T. Depover', 'Marko Huttula', 'P. Dey', 'J. Kömi']",Materials Science & Engineering: A,10.1016/j.msea.2024.146872,3
Effects of hydrogen pressure and prior austenite grain size on the hydrogen embrittlement characteristics of a press-hardened martensitic steel,"Abstract The effects of hydrogen gas pressure and prior austenite grain size (PAGS) on the susceptibility of a 22MnB5 press-hardened martensitic steel (PHS) to hydrogen embrittlement were studied. The hydrogen test apparatus at NIST-Boulder was modified for tensile testing of plate-type and sheet-type specimens in gaseous hydrogen. This modification made it possible to evaluate the slow strain rate tensile (SSRT) properties of the PHS with three different PAGS at various hydrogen pressures (0.21 MPa–5.5 MPa). SSRT testing in gaseous hydrogen resulted in significant reductions of both the tensile strength and ductility, as compared to those measured in air. In addition, the presence of gaseous hydrogen resulted in a transition in fracture morphology from the near-45° slant fracture to a more brittle fracture along a plane perpendicular to the tensile axis. The hydrogen-affected fracture zones were connected to the sheet specimen free surfaces, signifying the effect of external hydrogen. The fracture surfaces of the hydrogen-embrittled specimens contained relatively flat, “cleavage-like” facets, the size of which depended on the PAGS or packet size. The PHS having the largest PAGS represented generally larger secondary cracks and straighter crack paths in addition to a greater area fraction of the “cleavage-like” facets, likely indicative of a lower frequency of crack deflections. Compared to the largest PAGS condition, the two PHS with smaller PAGS were more resistant to the hydrogen-induced fracture especially at relatively low hydrogen gas pressures (",2021,"['L. Cho', 'P. Bradley', 'D. Lauria', 'M. Connolly', 'E. Seo', 'K. Findley', 'J. Speer', 'L. Golem', 'A. Slifka']",International journal of hydrogen energy,10.1016/J.IJHYDENE.2021.05.005,4
"Effect of Silicon and Continuous Annealing Process on the Microstructure, Mechanical Properties, and Hydrogen Embrittlement of DP1500 Steel","Dual-phase (DP) steels are widely used in automotive structures due to their excellent strength–ductility balance. This study examines how silicon content and continuous annealing parameters affect the microstructure, mechanical properties, and hydrogen embrittlement (HE) behavior of DP1500 steel. Two steels, 05DP (0.5% Si) and 15DP (1.5% Si), were processed under annealing temperatures of 800–850 °C and over-aging temperatures of 240–300 °C. Higher annealing temperatures increased austenite formation and produced more martensite after cooling, leading to higher strength but reduced ductility at 850 °C due to martensite coarsening. Increasing the over-aging temperature coarsened carbides and reduced strength yet stabilized retained austenite and improved ductility through the TRIP effect. An increase in silicon content suppressed carbide precipitation, promoted carbon enrichment in austenite, refined the ferrite–martensite structure, and significantly enhanced both strength and elongation. Consequently, 15DP steel exhibited superior mechanical properties compared to 05DP steel, exhibiting 90–100 MPa higher tensile strength (+6.2–7.0%), 55–65 MPa higher yield strength (+5.3–6.2%), and 1.4–1.8 percentage points higher total elongation (+10–14%), resulting in a 16–20% increase in the strength–ductility balance (Rm × A). However, due to the relatively high hydrogen embrittlement susceptibility of fresh martensite formed either by the TRIP effect during deformation or after over-aging, 15DP steel did not exhibit substantially improved HE resistance despite its higher retained austenite fraction.",2025,"['Wei Li', 'Yu Tang', 'Boyu Cao', 'Yeqian Jiang', 'Yang Shen', 'Wei Li', 'Ke Zhang']",Materials,10.3390/ma19010006,2
The effect of retained austenite stability on the formability of third generation advanced high strength steel,"This study aims to evaluate the effect of retained austenite (RA) stability on the performance of third-generation advanced high-strength steel (AHSS). The analysis focuses on two quenching and partitioning (Q&P) steels with a minimum tensile strength designation above 1.0 GPa. Additionally, two conventional dual-phase (DP) steels with tensile strengths of 780 MPa and 1.0 GPa were included for comparison. The retained austenite stability of the Q&P steels was first assessed through tensile testing by observing changes in the retained austenite volume fraction. Subsequently, its impact on formability was investigated by comparing formability parameters, including instantaneous n-values, hole expansion ratio (HER), limit drawing ratio (LDR), bending angle, and forming limit curve (FLC). Furthermore, a hydrogen-induced cracking (HIC) test was conducted on drawn cups to explore the relationship between retained austenite stability and resistance to hydrogen embrittlement. The results demonstrate that the stability of retained austenite plays a significant role in determining the overall formability and performance of third generation AHSS.",2025,"['Gihak Yim', 'Hee-Yun Shin', 'Hyejin Kim', 'Seung-Hun Jung', 'Jinhwa Jeon', 'Dongyul Lee']",MATEC Web of Conferences,10.1051/matecconf/202540802037,3
Hydrogen Embrittlement Resistance of High Strength 9260 Bar Steel Heat Treated by Quenching and Partitioning,,2024,"['E. Hoyt', 'M. Rupinen', 'E. De Moor', 'K. Findley']",Journal of materials engineering and performance (Print),10.1007/s11665-024-09242-8,1
Microstructure and hydrogen embrittlement of Q690 bainitic steel welded using electron beam,"This investigation focused on the welding of Q690 bainitic steel using vacuum electron beam welding with currents of 350 and 500 mA, yielding samples with diverse microstructures and distinct fusion and heat-affected zones. Additionally, H2S immersion tests were conducted to evaluate the susceptibility of the welded microstructure to hydrogen embrittlement. The results indicated different fracture sites in the samples welded under currents of 350 and 500 mA. Under the 350-mA welding current, fracture occurred in the coarse-grain heat-affected zone (CGHAZ) because of the high dislocation density in the bainitic ferrite plates and the low concentration of retained austenite in the CGHAZ. Under the 500-mA current, hydrogen embrittlement and fracture occurred in the upper bainite of the fusion zone because of the high welding-induced heat input that led to coarse precipitation and micro-void coalescence.",2024,"['Pengcong Yang', 'K. Fu', 'Yumin Wu', 'Jia-ji Wang', 'Fengya Hu', 'Yulai Song']",Welding in the World,10.1007/s40194-024-01770-0,2
The effect of low hydrogen content on hydrogen embrittlement of additively manufactured 17–4 stainless steel,"This work aims to evaluate the impact of small amounts of hydrogen on the hydrogen-assisted cracking (HAC) of 17-4 martensitic stainless steel (SS) prepared by additive manufacturing (AM). To elucidate the effect of processing on the hydrogen–material interactions, the obtained results were compared with a conventionally manufactured (CM) counterpart. It was found that the hydrogen uptake of AM 17-4 SS is higher compared to CM; however, its resistance to HAC is improved. These differences are attributed to the presence of stronger hydrogen trapping sites, retained austenite and the absence of Nb-rich precipitates in the AM 17-4 SS. The effect of processing on the microstructure and the susceptibility to hydrogen-induced damage and hydrogen embrittlement is discussed in detail.",2024,"['G. Ben-Hamu', 'Polina Metalnikov', 'Dan Eliezer']",Progress in Additive Manufacturing,10.1007/s40964-024-00599-9,3
Improving the Hydrogen Embrittlement Property of 1.8 GPa Press-Hardened Steel by Controlling the Prior Austenite Grain Size,,2024,"['DU D.H.', 'Y. Zhang', 'Z. Y. Geng', 'HE B.B.', 'M. X. Huang']",Metallurgical and Materials Transactions. A,10.1007/s11661-024-07450-4,1
The role of retained austenite in hydrogen embrittlement of supermartensitic stainless steel,,2013,"['Karl Gunnar Solheim', 'J. K. Solberg', 'J. Walmsley', 'Fredrik Rosenqvist', 'Tor Henning Bjørnå']",,10.1016/J.ENGFAILANAL.2013.07.025,3
The effect of prior austenite grain size on hydrogen embrittlement of Co-containing 18Ni 300 maraging steel,"Abstract The effects of the prior austenite grain sizes in hydrogen embrittlement of Co-containing 18Ni 300 maraging steel were studied employing Slow Strain Rate Testing (SSRT) in 0.6 M NaCl electrolyte under simultaneuos cathodic polarization. The material was susceptible to hydrogen embrittlement in all investigated conditions. In addition, the examination of the fractured surface revealed that the presence of hydrogen in steel promotes the formation of quasi-cleavage regions and hydrogen-induced cracks along the grain boundaries. However, the refining of the prior austenite grain allowed an improvement in the HE resistance. Moreover, EBSD analysis showed that intergranular cracks propagated along to grain boundaries orientated to {001} planes parallel to normal direction, whereas they were deflected on {101} and {111} crystallographic planes.",2019,"['M. J. Gomes da Silva', 'J. L. Cardoso', 'Dayane de Sousa Carvalho', 'L. Santos', 'L. F. G. Herculano', 'H. F. Gomes de Abreu', 'J. Pardal']",International journal of hydrogen energy,10.1016/J.IJHYDENE.2019.05.074,3
Hydrogen Embrittlement Failure Behavior in the Coarse‐Grained Heat‐Affected Zone of High‐Strength Ship Plate Steel,"The study employs thermal desorption spectrum analysis, hydrogen microprinting technology, internal friction test, and slow strain rate tensile test, alongside microstructural characterization to examine the hydrogen embrittlement failure behavior in the coarse‐grained heat‐affected zone in welded AH36 steel. The results demonstrate that the hydrogen atoms primarily accumulated at the phase and grain boundaries and a small amount existed within the grains, leading to higher dislocation density. The internal friction spectrum of hydrogen‐charged experimental steel exhibits an H‐Snoek peak between −35 and 25 °C caused by hydrogen atom diffusion. As the hydrogen charging current density increases, the activation energies of all internal friction peaks decrease, indicating that the hydrogen atom content affects its interaction with the microstructure. As the hydrogen content in the steel increases, the crack sensitivity rate rises, and both tensile strength and elongation at break decrease significantly, indicating heightened sensitivity to hydrogen embrittlement. In addition, the fracture surface becomes flatter, and the fracture morphology shifts from ductile dimples to river patterns, signifying the transition from ductile to brittle fracture.",2025,"['Cui Chen', 'Weijuan Li', 'Dazheng Zhang', 'Q. Pang', 'Yue Pan', 'Zhiyi Ma']",Steel Research International,10.1002/srin.202400781,2
Internal Friction Study on the Influence of Pre-Deformation on Hydrogen Embrittlement Sensitivity of Dual-Phase Steel,"in this study, an electrochemical method was used to permeate hydrogen through annealed DP590 steel under various pre-strain conditions (0-15%). Stress-strain and internal friction-temperature curves of the dual phase (DP) steel were obtained from slow strain-rate tensile tests and internal friction measurements, respectively. The diffusion of interstitial atoms, formation of Cottrell atmospheres, and embrittlement mechanism of DP steel were investigated under different prestress conditions before and after hydrogen permeation. The results show that the tensile strength of DP steel first decreases and then increases and the elongation sharply decreases with increasing pre-strain. The strength and ductility present similar trends with changes in pre-strain before and after hydrogen charging, however, after hydrogen charging, an obvious increase in tensile strength and decrease in elongation are observed. Furthermore, the γ peak amplitude decreases and the Snoek-Ke-Koster (SKK) peak amplitude increases with increasing internal pre-strain according to the friction-temperature curve. The γ peak and SKK peak exhibit the same trends with increasing pre-strain before and after hydrogen charging and both the γ peak and SKK peak decrease with hydrogen charging. The dislocation density in DP steel increases after hydrogen charging.",2023,"['Q. Pang', 'Cong Geng', 'Jia-ji Wang', 'Weijuan Li', 'Jing Guo', 'Xiaoming Yu']",Archives of Metallurgy and Materials,10.24425/amm.2022.141057,1
Study of SCC of X70 Steel Immersed in Simulated Soil Solution at Different pH by EIS,"An electrochemical study of stress corrosion cracking (SCC) of API X70 steel in a simulated soil solution at different pH values (3, 8 and 10) was carried out. The stress conditions were implemented by slow strain rate stress test (SSRT) and the SCC process was simultaneously monitored by electrochemical impedance spectroscopy (EIS). Fracture surface analysis and corrosion product analysis were performed by scanning electron microscopy (SEM) and X-ray diffraction (XRD), respectively. The results show that the susceptibility to SCC was higher as the pH decreases. In the acid solution, hydrogen evolution can occur by H+ and H2CO3 reduction, and more atomic hydrogen can diffuse into the steel, producing embrittlement. EIS results indicated that the anodic dissolution contributed to SCC process by reducing the charge transfer resistances during the SSRT test. While SEM micrographs shown a general corrosion morphology on the longitudinal surface of samples. At higher pH (pH 8 and pH 10), the SCC susceptibility was lower, which it is attributed to the presence of corrosion products film, which could have limited the process. Using the angle phase (φ) value it was determined that the cracking process started at a point close to the yield strength (YS).",2021,"['A. Carmona-Hernández', 'R. Orozco-Cruz', 'E. Mejía-Sánchez', 'A. Espinoza-Vázquez', 'A. Contreras-Cuevas', 'R. Galván-Martínez']",Materials,10.3390/ma14237445,2
Effect of ferrite on the hydrogen embrittlement in quenched-partitioned-tempered low carbon steel,,2018,"['Jilan Yang', 'Yisi Song', 'Yufei Lu', 'J. Gu', 'Zhenghong Guo']",,10.1016/J.MSEA.2017.12.032,1
Coupled slow strain rate and acoustic emission tests for gaseous hydrogen embrittlement assessment of API X65 pipeline steel,,2024,"['Sina Rahimi', 'G. Scionti', 'E. Piperopoulos', 'E. Proverbio']",Materials letters (General ed.),10.1016/j.matlet.2024.136598,2
Modified Slow-Strain-Rate Tensile Testing Method for Evaluation of Room-temperature Hydrogen Embrittlement Susceptibility and Its Application to 23Cr2Ni4MoV Steel,"To evaluate the room-temperature hydrogen embrittlement susceptibility (HES) of high-pressure hydrogen storage vessels, a modified slow-strain-rate tensile (MSSRT) testing method was proposed for effectively aligning with their actual operating conditions. The effectiveness of the MSSRT testing method in evaluating the room-temperature HES of steels under high pressure was validated by comparing the results obtained using the conventional slow strain rate tensile (SSRT) and proposed MSSRT testing methods for 30CrMo steel, which is widely used for manufacturing high-pressure hydrogen storage vessels. The tensile properties and fracture morphologies of 23Cr2Ni4MoV steel were then examined using the MSSRT testing method under 35 MPa hydrogen and nitrogen at room temperature. Results indicate that 35 MPa hydrogen exerted a marginal effect on the tensile properties of 23Cr2Ni4MoV steel at room temperature when considering the MSSRT testing method; moreover, the test specimen basically exhibited macroscopic ductile fracture. Furthermore, obvious surface cracking was observed on the fractured specimen tested under hydrogen, whereas surface cracking was not observed on the fractured specimen tested under nitrogen. Hence, the relative reduction of area and surface cracking are necessary criteria for evaluating the room-temperature HES of steels using the MSSRT testing method. Overall, 23Cr2Ni4MoV steel might be unsuitable for manufacturing high-pressure hydrogen storage vessels.",2024,"['S. Lv', 'X. Chen', 'Zhichao Fan', 'Yu Zhou', 'Hao Yang', 'Qiang Zhang', 'Mingjia Chi', 'Yue Li']",Chinese Journal of Mechanical Engineering,10.1186/s10033-024-01133-2,3
Corrigendum to “Study on hydrogen embrittlement susceptibility of X80 steel through in-situ gaseous hydrogen permeation and slow strain rate tensile tests” [Int J Hydrogen Energy 48 (2023) 243–256],,2026,"['Cailin Wang', 'Jiaxuan Zhang', 'Cuiwei Liu', 'Qihui Hu', 'Rui Zhang', 'X. Xu', 'Hongchao Yang', 'Yuanxing Ning', 'Yuxing Li']",International journal of hydrogen energy,10.1016/j.ijhydene.2026.153960,2
Base metal vs. weld metal hydrogen embrittlement sensitivity in L245NS pipeline steel after eight years of pure hydrogen exposure: a slow strain rate tensile test analysis,,2026,"['Xu Wang', 'Jingyu He', 'Guohui Li', 'Liqian Zhao', 'Shuo Li', 'Yan Li', 'Huawei Zhang', 'Xiang Chen']",Engineering Failure Analysis,10.1016/j.engfailanal.2026.110618,2
Hydrogen embrittlement resistance of 400 km/h high-speed train wheel steel: Assessment via thermal desorption spectroscopy and slow strain rate tensile testing,,2026,"['Hai Zhao', 'Zhenlin Xu', 'Xiquan Jia', 'Yi-qiang He', 'T. Zhou', 'T. An', 'Shi-huai Su']",Journal of Materials Research and Technology,10.1016/j.jmrt.2026.02.130,2
Study on hydrogen embrittlement susceptibility of X80 steel through in-situ gaseous hydrogen permeation and slow strain rate tensile tests,,2022,"['Cailin Wang', 'Jiaxuan Zhang', 'Cuiwei Liu', 'Q. Hu', 'Rui Zhang', 'X. Xu', 'Hongchao Yang', 'Yuanxing Ning', 'Yuxing Li']",International journal of hydrogen energy,10.1016/j.ijhydene.2022.09.228,2
Experimental Study on Hydrogen Embrittlement Behavior of X80 and X70 Pipeline Steels Evaluated by Hydrogen Permeation and Slow Strain Rate Tensile Tests,,2024,"['E. Entezari', 'Jorge Luis Velázquez González', 'Diego Rivas López', 'Manuel Alejandro Beltrán Zúñiga', 'T. A. Jack', 'Jerzy Szpunar']",Journal of Failure Analysis and Prevention,10.1007/s11668-024-02042-1,2
Evaluating the Effect of Blended and Pure Hydrogen in X60 Pipeline Steel for Low-Pressure Transmission Using Hollow-Specimen Slow-Strain-Rate Tensile Testing,"This study employs a custom hollow specimen setup to investigate the HE in API 5L X60 pipeline base and welded materials exposed to pure hydrogen and a 20% hydrogen–natural gas blend at 2.07 MPa. Results indicate embrittlement with increasing hydrogen concentration. The base material showed a hydrogen embrittlement index (HEI) of 11.6% at 20% hydrogen and 12.4% at 100% hydrogen. For the welded material, the HEI was 14.6% at 20% hydrogen and 18.0% at 100% hydrogen. Fractography analysis revealed that the base and welded materials exhibited typical ductile fracture features in the absence of hydrogen, transitioning to a mixture of quasi-cleavage and micro-void coalescence (MVC) features in hydrogen environments. Additionally, with hydrogen, increased formation of secondary cracks was observed. Notably, the study identified the Hydrogen-Enhanced Localized Plasticity (HELP) mechanism as a probable contributor to hydrogen-assisted fracture.",2024,"['Rashiga Walallawita', 'Matthew C. Hinchliff', 'D. Sediako', 'John Quinn', 'Vincent Chou', 'Kim Walker', 'Matthew Hill']",Metals,10.3390/met14101132,1
Effect of the Strain Rate on the Hydrogen Embrittlement of High Strength Austenitic Stainless Steels,"Austenitic stainless steel (ASS) UNS S31603 is frequently used for hydrogen applications due to its low susceptibility to HE compared with other ASSs. If high strength is required, high strength austenitic stainless steels, like UNS S20910 and CrMnNiMoN-type, in strain-hardened condition can be used for high-pressure hydrogen applications due to their resistance against hydrogen embrittlement. In this paper, the hydrogen embrittlement susceptibility of two high strength ASS, UNS S20910 and CrMnNiMoN was investigated. Slow strain rate test (SSRT) of hydrogen precharged specimens were carried out at ambient temperature using various strain rates. These results were correlated with SSRT conducted in a hydrogen atmosphere of 100 und 1000 bar (10 und 100 MPa). The strain rate does not have a significant effect on the tensile strength of the hydrogen-charged specimens. On the other hand, the reduction of area was affected by it. The relative reduction of area (RRA) of the hydrogen-charged specimen decreases with slower strain rates. This effect is more evident on UNS S20910 than on CrMnNiMoN. Reduction of RRA was not observed on specimens tested in-situ, even at 1000 bar (100 MPa). This difference can be explained due to the hydrogen concentration behaviors of the specimens during the deformation process.",2025,"['Clara Herrera', 'Merlin Seifert']",CONFERENCE 2025,10.5006/c2025-00558,3
In-Situ Electrochemical Hydrogen Embrittlement Fracture Characteristics of 304 Austenitic Stainless Steel Under Slow Strain Rate Tension,,2022,"['Liu-wei Zheng', 'Taolue Wang', 'Huiyun Zhang', 'W. Liang']",Social Science Research Network,10.2139/ssrn.4247019,2
The effect of Nb on the high strain rate hydrogen embrittlement of Q&P steel,"Quenching and Partitioning (Q&P) steels are, due to their excellent combination of strength and ductility, seen as good candidates for the third generation advanced high strength steels (AHSS). Although the TRIP effect is beneficial for the overall mechanical behaviour of these steels it potentially can have detrimental effects when strained in a hydrogenenriched environment. The solubility of hydrogen is high in austenite but low in high carbon martensite. Martensite is even in the absence of hydrogen already a possible damage initiation spot. The effect of hydrogen under static and dynamic tensile loading was evaluated in a Q&P and a Nb micro-alloyed Q&P steel. Experiments were carried out under a strain rate ranging from 0.03 s-1 till 500 s-1 and correlated with the hydrogen uptake characterised via thermal desorption spectroscopy (TDS). The presence of Nb resulted in a 25% increase in the hydrogen uptake capacity. A higher susceptibility to hydrogen was observed in the Nb steel partially due to the high hydrogen fraction, but also because of the larger fraction of low stability austenite. However, when tested under dynamic conditions the hydrogen susceptibility is minor and even improved in the micro-alloyed Q&P steel compared to the standard Q&P steel.",2021,"['F. Vercruysse', 'L. Claeys', 'T. Depover', 'K. Verbeken', 'P. Verleysen', 'R. Petrov']",EPJ Web of Conferences,10.1051/epjconf/202125003007,2
An investigation of hydrogen embrittlement of 12Cr2Mo1R(H) steel by slow strain rate tests and first-principles calculation,"
Purpose
With excellent mechanic properties and hydrogen embrittlement (HE) resistance, 12Cr2Mo1R(H) steel is suitable to make hot-wall hydrogenation reactors. However, longtime exposure to a harsh environment of high-pressure hydrogen at medium temperature in practical application would still induce severe hydrogen uptake and eventually damage the mechanical properties of the steel. The study aims to evaluate the HE resistance of the steel under different tensile strain rates after hydrogen charging and analyze the hydrogen effect from atomic level.


Design/methodology/approach
This research studied the HE properties of 12Cr2Mo1R(H) steel by slow strain rate tests. Meanwhile, the effect of hydrogen on the structures and the mechanical properties of the simplified models of the steel was also investigated by first-principle calculations.


Findings
Experimental results showed that after hydrogen pre-charging in this work, hydrogen had little effect on the microstructure of the steel. The elongations and reduction of cross-sectional area of the samples reduced a lot, by contrast, the yield and tensile strengths changed slightly. The 12Cr2Mo1R(H) steel was not very susceptible to HE with a maximum embrittlement index of about 20.00%. First principles calculation results showed that after H dissolution, lattice distortion occurred and interstitial H atoms would preferentially occupy the tetrahedral interstitial site in bcc-Fe crystal and increase the stability of the supercells. With the increase of H atoms added into the simplified model, the steel still possessed a good ductility and toughness at a low hydrogen concentration, while the material would become brittle as the concentration of hydrogen continued to increase.


Originality/value
These finds can provide valuable information for subsequent HE studies on this steel.
",2020,"['Qin Kang', 'Yicheng Fan', 'Zhang Kun', 'Chen Xiaolang', 'H. San', 'Yiqing Chen', 'Heming Zhao']",,10.1108/acmm-02-2020-2261,2
Hydrogen Embrittlement Behavior of Ultrahigh Strength Mooring Chain Steel Evaluated by the Slow Strain Rate Test,"In this study, the hydrogen embrittlement behavior of an ultrahigh strength mooring chain steel with a tensile strength of 1150 MPa was evaluated. The hydrogen was precharged into the notched specimen by electrochemical hydrogen charging. The fracture stress and hydrogen content were obtained by a slow strain rate test (SSRT) and thermal desorption analysis (TDA). The results show that the fracture stress decreased linearly with hydrogen content when the hydrogen content was less than 2.0 wppm. At this point, the intergranular fracture occurred, where the fracture stress as a function of hydrogen content changed from a linear to a power law relationship. The maximum hydrogen content from the corrosive environment was 1.4 wppm, which is lower than that of the onset of intergranular fracture at a diffusible hydrogen content of 2.0 wppm. The precharged hydrogen was possibly trapped by the grain boundaries.",2019,['Songjie Li'],International Journal of Electrochemical Science,10.20964/2019.03.73,4
The study of hydrogen embrittlement of 12Cr2Mo1R(H) steel by slow strain rate test with in situ hydrogen charging,"
Purpose
12Cr2Mo1R(H) steel is commonly used to make hot-wall hydrogenation reactors given its excellent mechanical properties and hydrogen embrittlement (HE) resistance. Longtime exposure to high-pressure hydrogen at medium temperature would still severely damage the mechanical properties of the Cr-Mo steel with surface HICs caused by hydrogen adsorption and hydrogen uptake. The mechanisms of HE remain controversial and have not been fully understood so far.


Design/methodology/approach
The HE of the steel was investigated by slow strain rate test at different strain rates with in situ hydrogen charging. The diffusion coefficient of hydrogen in the steel is measured by electrochemical technology of hydrogen permeation. HIC cracks of the fractured specimens were captured with field emission SEM equipped with an electron backscatter diffraction system.


Findings
Results showed that the hydrogen led to the plasticity of the samples reduced significantly, together with the distinct work hardening behavior induced by hydrogen charging during plastic flow stage. The fracture of in situ charged sample changes from quasi-cleavage to intergranular fracture with the decreasing of strain rates, which indicates that the steel become more susceptible to hydrogen. High densities of dislocations and deformation are found around the crack, where grains are highly sensitive to HIC. Grains with different Taylor factor are more susceptible to intergranular crack.


Originality/value
The results of the study would be helpful to a safer application of the steel.
",2019,"['Zhang Kun', 'Yicheng Fan', 'Xiaowei Luo', 'Chen Xiaolang', 'C. Ban', 'Heming Zhao', 'Yiqing Chen']",Anti-Corrosion Methods and Materials,10.1108/ACMM-04-2019-2111,2
Effect of plastic deformation on the hydrogen embrittlement of ferritic high strength steel,"The effect of hydrogen charging during plastic deformation was investigated on a ferritic steel containing TiC nano-precipitates. Specimens were subjected to a slow strain rate tensile test (SSRT) up to 0, 1, or 3% plastic engineering strain, held until a total duration of 2 h to saturate with hydrogen, then fast fractured. The specimens pre-strained elastically absorbed 2.36 wppm of hydrogen, which increased to 3.69 wppm for 3% plastic strain. Only 0.72 wppm is stored in non-dislocation traps such as precipitates, grain boundaries, and lattice sites, which makes dislocations the main contributor to hydrogen trapping. The increased hydrogen uptake did not lead to a decrease in fracture strain, which remained between 6 and 10% for all pre-strains, compared to 60% for full SSRT tests that were charged for a shorter time. This research highlights the necessity of high plastic strains and the presence of hydrogen in the environment during crack growth to cause HE in ductile steels.",2025,"['Tim Boot', 'Pascal Kömmelt', 'Ruud W. A. Hendrikx', 'Amarante Böttger', 'Vera Popovich']",npj Materials Degradation,10.1038/s41529-025-00592-9,3
Hydrogen uptake and embrittlement behavior in pipeline steels: Insights from slow strain rate testing and synchrotron micro-CT imaging,,2025,"['T. A. Jack', 'M. Webb', 'K. Rahman', 'Fateh Fazeli', 'Jerzy Szpunar']",Engineering Failure Analysis,10.1016/j.engfailanal.2025.109419,1
"Pulsed current gas tungsten arc welded joint of ASTM A105-AISI 316L steels: Failure analysis and susceptibility to hydrogen embrittlement under slow strain rate tensile tests, and hydrogen sulfide corrosion",,2025,"['M. Sabzi', 'H. Jafarian', 'A. Abdollahzadeh', 'S. H. M. Anijdan', 'A. Eivani']",Results in Engineering,10.1016/j.rineng.2025.107055,2
Hydrogen Embrittlement of Boron-Modified Supermartensitic Stainless Steel,"Supermartensitic stainless steels (SMSS) reinforced with a percolated boride network offer exceptional corrosion and wear resistance, making them well-suited for oil and gas applications. However, hydrogen embrittlement (HE) poses significant challenges in offshore environments. This study examines HE in SMSS with boron additions ranging from 0.3 to 0.7 wt %. Samples were subjected to hydrogen charging at −1.3 VSCE, 43 mA/cm2 for 168 h in a 3.5 wt % NaCl solution, followed by slow strain rate tensile testing. While boron additions improved tensile strength, they severely reduced ductility. After hydrogen charging, mechanical degradation intensified, with SMSS-0.7%B experiencing >55% reduction in tensile strength and elongation. All boron-rich alloys displayed brittle intergranular fractures caused by M2B borides at the grain boundaries. HE impacted both the martensitic matrices and borides, with fractures initiating in boride-rich regions and propagating via secondary cracks. These results underscore a synergistic embrittlement mechanism and emphasize the importance of optimizing microstructures to enhance hydrogen resistance in boron-reinforced SMSS.",2025,"['Arthur de Bribean Guerra', 'Daniel Brito Bertoldi', 'G. Zepon', 'P. S. C. Pereira da Silva', 'Tomaz Toshimi Ishikawa', 'G. Y. Koga', 'Claudemiro Bolfarini']",ACS Omega,10.1021/acsomega.5c02404,3
An Investigation on Hydrogen Embrittlement of the Cr-Si Spring Steel Using Slow Strain Rate Test and Weibull Model,,2016,"['H. Nazemi', 'M. Ehteshamzadeh']",,,2
Slow strain rate technique for studying hydrogen induced cracking in 34CrMo4 high strength steel,"Abstract Alloy hardened steels offer excellent combination of mechanical properties, hardenability and corrosion resistance. 34CrMo4 is a medium carbon, low alloy steel widely used due to a good combination of high-strength, toughness and wear resistance. However, this steel experiences hydrogen embrittlement (HE), a complex phenomenon depending on the composition and microstructure. This work estimates de loss of the mechanical properties caused by hydrogen in electrochemically H-charged specimens in absence of mechanical stress but also, at low strain rate and constant load. H-charging for 2 and 6 h induce YS losses of about 40% and 71% and UTS losses of 39% and 59%, respectively. The synergistic effect of the stress and the H-charging process leads to a higher loss, 91%, and a faster brittle fracture even though hydrogen content is similar to those firstly H-charged and then tested in air.",2021,"['A. Conde', 'J. D. de Damborenea', 'J.M. López-Escobar', 'C. Pérez-Arnaez']",International journal of hydrogen energy,10.1016/j.ijhydene.2021.08.026,2
Evaluation of Hydrogen Embrittlement of Cr-Mo Low Alloy Steel by Slow Strain Rate Technique With Cathodically Charged Specimen,,2017,"['Daichi Tsurumi', 'H. Saito', 'H. Tsuji']",,10.1115/PVP2017-65726,2
Enhancing hydrogen embrittlement resistance in steel pipelines through hybrid welding,,2025,"['Mahdieh Safyari', 'Donát Horváth', 'M. Moshtaghi']",Welding in the World,10.1007/s40194-025-02071-w,1
Study on hydrogen embrittlement susceptibility of 20# pipeline steel welded joint by hydrogen-doped tensile test,"The sensitivity of 20# pipeline steel in gaseous hydrogen environment was evaluated by slow strain rate tensile experiment. The variation of hydrogen embrittlement sensitivity of 20# pipeline steel with hydrogen content was studied. The results show that the tensile strength of hydrogen embrittleness sensitivity index increases gradually, the section shrinkage rises gradually, and the dimple decreases gradually with the increase of hydrogen blending ratio (5%, 15%, 25% and 100%). 105 °C is the maximum temperature for the 20# steel hydrogen trap. The possible gas products in hydrogen embrittlement were calculated by thermodynamics.",2025,"['Xu Wang', 'Xiang Chen', 'Jingyu He', 'Nianqi Chen']",The International Conference Optoelectronic Information and Optical Engineering,10.1117/12.3045665,2
Enhanced Hydrogen Embrittlement Resistance in a Vanadium-Alloyed 42CrNiMoV Steel for High-Strength Wind Turbine Bolts,,2025,"['Jiang Liu', 'Fengping Zhao', 'Wen Shi', 'Han Dong', 'Xiaofei Guo']",Acta Metallurgica Sinica,10.1007/s40195-025-01916-z,1
Effect of intercritical annealing time on hydrogen embrittlement of warm-rolled medium Mn steel,,2018,"['C. Shao', 'W. Hui', 'Yongjia Zhang', 'Xiaoli Zhao', 'Y. Weng']",,10.1016/J.MSEA.2018.04.100,2
Intercritical annealing temperature dependence of hydrogen embrittlement behavior of cold-rolled Al-containing medium-Mn steel,"Abstract The present investigation attempts to evaluate the influence of intercritical annealing temperature (TIA) on the hydrogen embrittlement (HE) of a cold-rolled Al-containing medium-Mn steel (Fe-0.2C-4.88Mn-3.11Al-0.62Si) by using electrochemical hydrogen-charging, slow strain rate tensile test and scanning electron microscope. The results show that an excellent combination of strength and ductility (the product of ultimate tensile strength and total elongation) up to ∼53 GPa·% was obtained for the specimen intercritically annealed at an intermediate temperature of 730 °C, whereas the HE index increases significantly with an increase in TIA up to 850 °C. Being different from the typical dimple ductile fracture for the uncharged specimen, the hydrogen-charged specimen exhibits a mixed brittle interface decohesion and ductile intragranular fracture mode in the crack initiation region and the brittle fracture fraction increases with increasing TIA. Both the stability and amount of austenite play a critical role in governing the HE behavior of TRIP-assisted medium-Mn steel. Thus, it is suggested that suitable TIA should be explored to guarantee the safety service of automotive parts made of this type of steel in addition to acquiring excellent mechanical properties.",2019,"['Yongjia Zhang', 'C. Shao', 'Jiao-jiao Wang', 'Xiaoli Zhao', 'W. Hui']",International journal of hydrogen energy,10.1016/J.IJHYDENE.2019.06.204,2
Effect of gaseous hydrogen charging on the tensile properties of standard and medium Mn X70 pipeline steels,,2016,"['Daniel Hejazi', 'A. Całka', 'D. Dunne', 'E. Pereloma']",,10.1080/02670836.2015.1130331,1
The Effect of Ti and Mo Microalloying on Hydrogen Embrittlement Resistance of Ultra-High Strength Medium Mn Steel,"This study elucidated the effect of Ti–Mo microalloying on the hydrogen embrittlement (HE) resistance and fracture behavior of warm-rolled Fe-5.6Mn-0.16C-1Al (wt%) steel. After intercritical annealing, both steels, i.e., without and with Ti–Mo microalloying, showed ultrafine ferrite (α) and austenite (γR) duplex microstructure. The addition of Ti–Mo to 5.6Mn steel reduces the volume fraction of γR, facilitating the formation of (Ti, Mo)C carbides in α phase and further refining the final microstructure. The product of ultimate tensile strength (UTS) and total elongation (TEL) of 5.6MnTiMo can be as high as 35 GPa·% with an ultra-high yield strength of above 1.2 GPa. Furthermore, the addition of Ti–Mo also had a significant effect on the resistance to HE of medium Mn steels. Firstly, the limited (Ti, Mo)C carbides precipitated in γR could act as irreversibly trap sites to capture a considerable amount of H, effectively increasing the CH (Diffusible Hydrogen Content). Additionally, 5.6MnTiMo displayed higher γR stability, resulting in a reduced susceptibility to HE. The H-assisted microcracks mainly formed inside γ(α′) and extended along γ(α′) grain boundaries, leading to intergranular cracking and premature fracture.",2025,"['Pu Zhang', 'Yang Zhao', 'Jianglong Pan', 'W. Hao', 'Shuyi Wang', 'M. Cai']",Metals,10.3390/met15040397,2
Enhancing hydrogen embrittlement resistance through chemical heterogeneity in austenite of medium Mn steel,,2025,"['Yao Zhou', 'Weiguo Li', 'Zhongqian Cao', 'Shenggang Li', 'Jinxu Li']",Corrosion Science,10.1016/j.corsci.2025.112857,2
Dependence of friction-stir welding on mechanism of hydrogen embrittlement in medium-Mn steel with triplex-phase microstructure,,2025,"['Kyo-Min Kwon', 'Seoyoon Gong', 'Hye-Jin Kim', 'H. Fujii', 'S. Shin', 'Seung-Joon Lee']",Acta Materialia,10.1016/j.actamat.2025.121059,1
Hydrogen desorption mechanism associated with ε carbide decomposition in martensitic medium-Mn steel,,2025,"['Jin-Young Lee', 'Hyun-Bin Jeong', 'Won Hui Jo', 'Jae Bok Seol', 'Young-Kook Lee']",Journal of Materials Research and Technology,10.1016/j.jmrt.2025.07.082,1
Correlation between pre-strain and hydrogen embrittlement behavior in medium-Mn steel,,2024,"['Hyun Wook Lee', 'T. Park', 'Hye-Jin Kim', 'JeongHo Han']",Journal of Materials Science &amp; Technology,10.1016/j.jmst.2024.04.024,1
Effect of inclusions on the hydrogen embrittlement of martensitic medium-Mn steel,,2023,"['Minjeong Kim', 'Ahjeong Lyu', 'Hyun-Bin Jeong', 'Jin-Young Lee', 'Young-Kook Lee']",Journal of Materials Research and Technology,10.1016/j.jmrt.2023.08.090,2
Simultaneous Improvement in Load-Bearing Capacity and Energy Absorption of Resistance Spot-Welded Medium Mn Steel: An Integrated Simulation and Experimental Approach,,2025,"['Kaushal Kishore', 'Suman Patra', 'Avanish Kumar Chandan', 'Vipin Mishra', 'B. K. Sahoo', 'Mohommed Aamir', 'Gyanaranjan Mishra', 'K. S. Arora']",Metallurgical and Materials Transactions. A,10.1007/s11661-025-07748-x,1
Recent developments and perspectives of advanced high-strength medium Mn steel: from material design to failure mechanisms,"Advanced high-strength steels are key structural materials for the development of next-generation energy-efficient and environmentally friendly vehicles. Medium Mn steel, as one of the latest generation advanced high-strength steels, has attracted tremendous attentions over the past decade due to its excellent mechanical properties. Here, the state-of-the-art developments of medium Mn steel are systematically reviewed with focus on the following crucial aspects: (a) the alloy design strategies; (b) the thermomechanical processing routes for the optimizations of microstructure and mechanical properties; (c) the fracture mechanisms and toughening strategies; (d) the hydrogen embrittlement mechanisms and improvement strategies.",2022,"['C. Huang', 'Chen Hu', 'Yuxuan Liu', 'Zhiyuan Liang', 'Mingxin Huang']",Materials Futures,10.1088/2752-5724/ac7fae,2
Gradient microstructure–mechanical property correlation in medium Mn steel fabricated by a novel high-ratio differential speed rolling: the impact of intercritical annealing time,,2025,"['Lei Mao', 'Haijun Pan', 'Zheng Wang', 'Feifan Zang', 'Lanlan Cai', 'Bin Zhu']",Journal of Materials Science,10.1007/s10853-025-11187-9,1
Improved resistance to hydrogen embrittlement in the nugget zone of friction stir welded medium Mn steel via post-welding annealing,,2023,"['Y.Q. Wang', 'J.X. Su', 'Z.Q. Jin', 'R. Duan', 'G. Xie']",Corrosion Science,10.1016/j.corsci.2023.111786,2
Tensile speed dependence of crack initiation and propagation behavior of tempered martensitic steel in the presence of hydrogen,"The tensile speed dependence of crack initiation and propagation behavior in hydrogen embrittlement fracture was investigated for a tempered martensitic steel with plate-like carbides on prior austenite (γ) grain boundaries. Notched specimens with a stress concentration factor of 2.8 charged with hydrogen of 0.2 mass ppm were tensile tested at tensile speeds of 0.001 and 0.1 mm/min. Fractured surfaces and specimen sides in which the internal crack propagation was arrested by unloaded immediately upon reaching the maximum stress in tensile tests were observed using a scanning electron microscope. At 0.001 mm/min, intergranular (IG) fracture was dominant at the notch tip on the fracture surface. A crack initiation and propagation were observed in and on the prior γ grains at the notch tip, respectively. At a site away from the notch tip, discontinuous crack initiation and propagation on grain boundaries were observed. In contrast, at 0.1 mm/min, quasi-cleavage (QC) fracture was dominant at the notch tip on the fracture surface. A crack initiated and propagated only in the prior γ grains at the notch tip. These findings indicate that even with the same hydrogen content, at lower tensile speeds, there is an increase in the hydrogen concentration on the prior γ grain boundaries, leading to decohesion of prior γ grain boundaries. In contrast, at higher tensile speeds, the involvement of plastic deformation may be significant. Therefore, the mechanism of crack initiation and propagation in hydrogen embrittlement fracture probably depends on tensile speeds.",2025,"['Y. Hirakawa', 'N. Uemura', 'K. Takai']",Journal of Physics: Conference Series,10.1088/1742-6596/3035/1/012004,3
Enhancing hydrogen embrittlement resistance of TRIP-rich medium Mn steel by morphology optimization,,2023,"['Yuxuan Liu', 'Z. Cao', 'C. Huang', 'Chen Hu', 'Mingxin Huang']",Science China Materials,10.1007/s40843-023-2658-6,2
Fatigue Crack Initiation and Fatigue Life Testing of High-Strength Austenitic Stainless Steel Tubing With Internal Hydrogen,"
 Austenitic stainless steels have been extensively tested in hydrogen environments; however, limited information exists for the effects of hydrogen on the fatigue life of high-strength grades of austenitic stainless steels. Moreover, fatigue life testing of finished product forms (such as tubing and welds) is challenging. A novel test method for evaluating the influence of internal hydrogen on fatigue of orbital tube welds was reported, where a cross hole in a tubing specimen is used to establish a stress concentration analogous to circumferentially notched bar fatigue specimens for constant-load, axial fatigue testing. In that study (Kagay et al, ASME PVP2020-8576), annealed 316L tubing with a cross hole displayed similar fatigue performance as more conventional materials test specimens. A similar cross-hole tubing geometry is adopted here to evaluate the fatigue crack initiation and fatigue life of XM-19 austenitic stainless steel with high concentration of internal hydrogen. XM-19 is a nitrogen-strengthened Fe-Cr-Ni-Mn austenitic stainless steel that offers higher strength than conventional 3XX series stainless steels. A uniform hydrogen concentration in the test specimen is achieved by thermal precharging (exposure to high-pressure hydrogen at elevated temperature for two weeks) prior to testing in air to simulate the equilibrium hydrogen concentration near a stress concentration in gaseous hydrogen service. Specimens are also instrumented for direct current potential difference measurements to identify crack initiation. After accounting for the strengthening associated with thermal precharging, the fatigue crack initiation and fatigue life of XM-19 tubing were virtually unchanged by internal hydrogen.",2023,"['C. San Marchi', 'J. Ronevich', 'Johan Pohl', 'S. Ramseyer', 'Davide Cortinovis', 'S. Eckmann']",Volume 5: Materials &amp; Fabrication,10.1115/pvp2023-106413,1
Influence of hydrogen and annealing process on the microstructural evolution and fracture micromechanisms of medium Mn steel: An in-situ TEM investigation,"Abstract Medium manganese (Mn) steel has excellent strength and ductility and is widely used in the automobile industry and elsewhere; however, hydrogen embrittlement (HE) is considered as one of the most serious issues of its application. In this paper, in situ transmission electron microscopy was used to study the microstructural evolution and fracture micromechanisms of medium Mn steel under the influence of hydrogen and annealing. The results indicated that two specimens with different annealing processes showed transformation-induced plasticity and twinning-induced plasticity, albeit to a varying degree due to different microstructures with distinct mechanical properties. It was shown that hydrogen affected the fracture micromechanisms, which promoted the initiation of microcracks at the boundaries of martensite transformed from austenite. Moreover, the main cracks propagate in a zigzag fashion, following hydrogen charging, due to the hardness of the martensite. These findings provide directions for improving HE resistance through microstructural regulation of medium Mn steel.",2020,"['Sheng-Lung Huang', 'G. Han', 'Liancheng Shen', 'Y. Zhang', 'Yanjing Su', 'L. Qiao', 'Y. Yan']",,10.1016/j.ijhydene.2020.05.142,2
Mechanisms of secondary crack initiation and propagation and closure during the water quenching process in medium-carbon martensitic steel,,2025,"['Hongqing Zheng', 'Yuchen Yang', 'Jie Li', 'X. Zuo', 'Jianfeng Wan', 'Yonghua Rong', 'N. Chen']",International journal of plasticity,10.1016/j.ijplas.2025.104240,1
Effect of annealing temperature on the microstructure evolution and mechanical properties of lightweight medium-Mn steels and hydrogen embrittlement susceptibility,"ABSTRACT The effects of different inter-critical annealing (IA) temperatures on the phase distribution, microstructure, and hydrogen embrittlement (HE) susceptibility of the experimental steel were analysed for the cold-rolled Fe−0.2C−8.5Mn-3Al steel. The results indicate that as the IA temperature increases from 600 °C to 800 °C, the grain size gradually increases, and the ultimate tensile strength (UTS) decreases to 845 and 768 MPa, respectively, before and after hydrogen charging. The variation in the total elongation (TEL) of the experimental steel is primarily influenced by the volume fraction of austenite, which increases gradually up to 750 °C. When the IA reaches 750 °C, the TEL of the experimental steel reaches a peak value of 47.56% and 14%, respectively. The variation in IA temperature exerts a significant influence on the mechanical stability of retained austenite. Specifically, an increase in the annealing temperature is associated with an enhancement in the mechanical stability of the residual austenite phase. However, upon reaching a critical IA temperature, the mechanical stability of the austenite phase diminishes. This reduction in stability facilitates the onset of the TRIP effect, leading to the transformation of a portion of the austenite into martensite. In comparison with martensitic or ferritic microstructures, hydrogen diffusion within the austenitic phase is notably slower, and austenite possesses a greater number of hydrogen trapping sites. Consequently, enhancing the mechanical stability of austenite and retarding its transformation rate are instrumental in augmenting the HE resistance of Medium-Mn Steels (MMS).",2025,"['Ming Ma', 'Yang Wu', 'Xiaoming Du', 'Huixin Zuo']","Materials technology (New York, N.Y.)",10.1080/10667857.2025.2587213,3
Strain rate and hydrogen effects on crack growth from a notch in a Fe-high-Mn steel containing 1.1 wt% solute carbon,"Abstract Effects of strain rate and hydrogen on crack propagation from a notch were investigated using a Fe-33Mn-1.1C steel by tension tests conducted at a cross head displacement speeds of 10−2 and 10−4 mm/s. Decreasing cross head displacement speed reduced the elongation by promoting intergranular crack initiation at the notch tip, whereas the crack propagation path was unaffected by the strain rate. Intergranular cracking in the studied steel was mainly caused by plasticity-driven mechanism of dynamic strain aging (DSA) and plasticity-driven damage along grain boundaries. With the introduction of hydrogen, decrease in yield strength due to cracking at the notch tip before yielding as well as reduction in elongation were observed. Coexistence of several hydrogen embrittlement mechanisms, such as hydrogen enhanced decohesion (HEDE) and hydrogen enhanced localized plasticity (HELP) were observed at and further away from the notch tip resulting in hydrogen assisted intergranular fracture and cracking which was the key reason behind the ductility reduction.",2020,"['Hina Najam', 'M. Koyama', 'B. Bal', 'E. Akiyama', 'K. Tsuzaki']",,10.1016/j.ijhydene.2019.10.227,1
Transformation-Induced Microcracks and Their Arrest with Different Deformation Temperatures in a Medium Mn Steel,,2022,"['Yutao Zhou', 'M. Koyama', 'Tomohiko Hojo', 'Saya Ajito', 'E. Akiyama']",Metallurgical and Materials Transactions. A,10.1007/s11661-022-06855-3,1
Role of grain size and anisotropy of neighboring grains in hydrogen‐assisted intergranular fatigue crack initiation in austenitic stainless steel,"This study explores the impact of microstructural features on fatigue crack initiation in poly‐crystalline materials, emphasizing hydrogen‐induced complexities. Grain anisotropy, misorientations, grain size variations, and elastic–plastic inhomogeneities concentrate stress at grain boundaries, making them susceptible to crack initiation during fatigue loading. The presence of hydrogen compounds this process, due to complications of characterization of local hydrogen content and activating embrittling mechanisms. Building upon a model for nickel, this research investigates 316L austenitic stainless steel specimens with varying grain sizes, both uncharged and hydrogen‐charged. In situ low‐cycle fatigue loading experiments establish correlations between fatigue crack initiation and microstructural features. The study reveals specific combinations of features crucial in the initiation process, undergoing alterations in the presence of hydrogen. A proposed qualitative model links microstructural features with accumulated plastic shear strain during fatigue and prevalent hydrogen embrittlement mechanisms like hydrogen‐enhanced local plasticity and hydrogen‐enhanced decohesion.",2024,"['A. Arora', 'Mohit Singh', 'V. Nair', 'Harpreet Singh', 'D. Mahajan']",Fatigue &amp; Fracture of Engineering Materials &amp; Structures,10.1111/ffe.14404,1
Effect of Deformed Prior Austenite Characteristics on Reverse Phase Transformation and Deformation Behavior of High-Strength Medium-Mn Steel,"In this study, microstructure evolution during prior austenite decomposition and reverse phase transformation processes was revealed in a high-strength medium-Mn steel. Furthermore, the relationship between deformed prior austenite characteristics and deformation behavior was studied. The results indicated that the recovery and recrystallization of the deformed prior austenite were significantly inhibited during hot rolling in the non-recrystallized zone, the grain size was obviously refined along the normal direction (ND), and that the strain hardening of prior austenite via hot deformation could increase the resistance of shear transformation, resulting in the preservation of high-density lattice defects in the quenched martensite matrix. Before the nucleation of intercritical austenite, the dislocation and grain boundary can provide fast diffusion paths for C and Mn, and the enrichment of C and Mn before intercritical austenite formation can reduce the critical temperature of ferrite/austenite transformation. The nucleated sites and driving force for intercritical austenite were strongly increased by rolling in the non-recrystallization region. The resistance of crack propagation was found to be enhanced by the sustained transformation-induced plasticity (TRIP) effect (via retained austenite with different stability) and for the laminated microstructure, the optimum properties were obtained as being a combination of yield strength of 748 MPa, tensile strength of 952 MPa, and total elongation of 26.2%.",2024,"['Ying Dong', 'Jingwen Zhang', 'Tao Liu', 'Mingxing Ma', 'Lei Zhu', 'Chengjun Zhu', 'Linxiu Du']",Materials,10.3390/ma17225618,1
Study of Crack Initiation and Fracture Toughness Evaluation in JIC Testing of Linepipe Steel Under Gaseous Hydrogen Environment,"
 Hydrogen is one of the promising energy carrier for achieving the carbon neutral society. The pipeline system is positioned as a major infrastructure indispensable for mass transportation of gaseous hydrogen. Material degradation in hydrogen embrittlement is considered in the hydrogen pipeline code ASME B31.12. The fracture toughness is required to be obtained by the test based on ASME BPVC sec.8 div.3. However, most of the line pipes have low strength and high toughness, so the evaluation by the above method is not suitable from the viewpoint of specimen size and mechanical constraint. Therefore, evaluation of fracture toughness by elastic-plastic fracture toughness test has become common. On the other hand, current standards for elastic-plastic fracture toughness tests, such as ASTM E1820, are based on the premise of conducting tests under atmospheric conditions, and do not consider ductility reduction and crack initiation mechanism changes caused by hydrogen entering steel under hydrogen gas conditions. In this study, the effects of hydrogen and test conditions on the crack initiation limit in JIC tests were investigated, and a method for evaluating the toughness value based on the fracture behavior of specimens under hydrogen gas environment was examined. Focusing on the fact that the stretched zone width (SZW) which is formed at the leading edge of a fatigue pre crack as a trace of plastic deformation just before a stable crack is initiated, in hydrogen gas was shorter than in air, when the fracture toughness (JSZ) obtained from SZW was defined as a value corresponding to the fracture phenomenon, the value obtained from the J-R curve according to the standard was overestimated for JSZ. In order to properly evaluate the fracture toughness value in hydrogen gas more efficiently considering the man-hour required for SZW measurement by fracture surface analysis, a method using J-R curve and blunting straight line prepared in the region of short crack growth was proposed.",2024,"['Yoshihiro Nishihara', 'Ryuichi Inoue', 'Hiroshi Okano', 'T. Sakimoto']",Volume 4: Materials &amp; Fabrication,10.1115/pvp2024-122079,1
The potential significance of tempering treatment in alleviating the hydrogen embrittlement susceptibility of a hot-rolled and intercritically annealed medium-Mn steel,"Abstract The influence of tempering on the hydrogen embrittlement (HE) behavior of a hot-rolled and intercritically annealed medium-Mn steel (0.1C-5Mn) was investigated by slow strain rate tensile testing. It was observed that the absorbed diffusible hydrogen content remained almost unchanged with increasing tempering temperature. The susceptibility to HE evaluated by the relative total elongation loss is most significant for the as-annealed specimen, while tempering treatment can notably alleviate it. It is nearly immune to HE when the tempering temperature was increased up to 500 °C. The fraction of hydrogen-induced brittle fracture decreases with increasing tempering temperature. The enhanced resistance to HE of the tested steel is primarily ascribed to the microstructural evolution of retained austenite and cementite during the tempering process. It is thus proposed that the HE susceptibility of medium-Mn steel could be significantly reduced through suitable tempering treatment after intercritical annealing provided no notable loss of its superior strength-ductility balance.",2021,"['Xiaoli Zhao', 'Yongjia Zhang', 'Weijing Hui', 'C. Shao', 'Cunyu Wang', 'Han. Dong']",,10.1016/J.ENGFAILANAL.2020.104969,3
